sound, views
Love Story Discolines,1.7B
Backyard Boy,920M
Mood Swings,689.6M
Mi Pan Su Sus,963M
Classical Music,760.1M
WAP (feat. Megan Thee Stallion),1.4B
All TikTok Mashup (JVKE - Upside Down),583.9M
Wild Thoughts - DJ Khaled,479M
How You Like That,751.7M
Bulletproof,510.3M
Tampa Curhat Beat,739M
Kismet,628.7M
For The Night,348.5M
Monkeys Spinning Monkeys,572.4M
Sex Talk,506.6M
chris brown feat. tyga & kevin mccall ‚Äì deuces,322.3M
Tounge Tied,253.9M
3 Musketeers (feat. NextYoungin),458.2M
PYRO,373.5M
Kendrick Lamar - Money Trees,328.6M
original sound,341.4M
Toy,370.1M
original sound amandaabananaa,278.4M
–æ—Ä–∏–≥–∏–Ω–∞–ª—å–Ω—ã–π –∑–≤—É–∫ (CHROMANCE ‚Äì Wrap Me In Plastic),243.5M
Trev Peace and Love for all,254.1M
hahahahahaha,463.7M
Aphrodite (Contains music from Dark Horse - Katy Perry),330.9M
Renee,267.9M
Laffy taffy Remix flyboyfu vocals produced by Adub,317.8M
Ay DiOs M√≠o!,259.9M
Calvin Harris - Outside,275.5M
original sound,366.3M
Tap In,243.3M
Millie B - Soph Aspin Send,329.6M
Apakah Itu Cinta,299M
hatchback,170.7M
Surrender,321.1M
Stunnin' (feat. Harm Franklin),299.7M
#violintransition,177.6M
Obnimi - Callmearco Remix,249.9M
sonido original,259.9M
original sound - –Ø—Å–Ω–æ –∞–≤—Ç–æ—Ä –∫–∞—Ä–ªü•¥,145.3M
big and chunky,229.5M
Still Don't Know My Name,262.6M
What If (I Told You I Like You),162.2M
Run 2 U (Remix),177.4M
Street Fashion Game,263.9M
alors on danse remix,178.1M
Up Beat (Married Life),188.8M
original sound - Jm Yrreverre,181.6M
No Guidance Remix,195.7M
–æ—Ä–∏–≥–∏–Ω–∞–ª—å–Ω—ã–π –∑–≤—É–∫,212.2M
deuces x wet,182.4M
She Share Story (for Vlog),223.2M
I Thought,115.3M
original sound,216.9M
original sound - Ashi Khanna ,231.3M
cook clean plot twist tyananana,209.5M
Rags2Riches (feat. ATR Son Son),259.7M
feel something - bea miller,233.6M
sonido original,166.6M
All For Us,151.6M
KYN,145M
TKN,130.5M
RICKY DESKTOP JOSEPH BLACK I HOPEUMISSME FLIP,127.1M
The Dice Beat Pt. 1,284.9M
24,103.4M
Bruh,115M
HATCHBACK BLADEZ,184.7M
Ben10 Trap Intro,150.7M
original sound,210.2M
original sound,145.7M
original sound,114.6M
Ghostmane Flesh,138.1M
Leave Em Alone,187M
original sound,122.3M
MOLLY ROCKS x BEST INTEREST,157.2M
Muffins In The Freezer,150.7M
Tap In x Rags2Riches x Wet,118.1M
The Race - Remix,161.4M
original sound,199.2M
Hatchback,133.7M
Famous (I'm the One),127.1M
Agua (Music from "Sponge on the Run" Movie),150.4M
i need some wet kolors,78.8M
Wet (She Got That‚Ä¶) [Slowed & Reverbed],90.1M
Lollipop,116.5M
Fat Joe - All the Way Up,331M
Say So (Instrumental Version) [Originally Performed by Doja Cat],144.5M
Wet Shoota,165.7M
FENDI,135.8M
original sound,123.8M
Toosii off the rip remix,110.8M
–ó–æ–ª–æ—Ç–æ ( Rakurs & Ramirez Remix),176.9M
Freak (feat. REI AMI),124.2M
original sound,73.6M
Sevyn Streeter - It Won't Stop (feat. Chris Brown),76.2M
original sound,74.9M
Not The Thermometer Slow Version,398.3M
